{
  "model": "logistic_fifa_hist_gbm_blend",
  "promoted": true,
  "validation_decision": "Log Loss improved by 1.06% without material Brier/RPS degradation",
  "holdout_decision": "Log Loss improved by 2.07% without material Brier/RPS degradation",
  "weights": {
    "logistic_fifa": 0.6785109953795312,
    "hist_gbm_fifa": 0.32148900462046875
  },
  "feature_count": 114,
  "base_feature_count": 86,
  "validation_metrics": [
    {
      "model": "logistic_fifa_hist_gbm_blend",
      "split": "pooled_rolling_origin",
      "log_loss": 0.8671190940819486,
      "brier": 0.5094333353487793,
      "rps": 0.16852928717809088,
      "accuracy": 0.6067585425712667,
      "calibration_error": 0.008976904055921296,
      "sharpness": 0.6077173999834706,
      "n_matches": 5297
    },
    {
      "model": "compact_no_fifa_baseline",
      "split": "pooled_rolling_origin",
      "log_loss": 0.8763808589805208,
      "brier": 0.5152818835317156,
      "rps": 0.1712645325098076,
      "accuracy": 0.6018501038323579,
      "calibration_error": 0.01630835048308905,
      "sharpness": 0.6074590338164391,
      "n_matches": 5297
    }
  ],
  "holdout_metrics": [
    {
      "model": "logistic_fifa_hist_gbm_blend",
      "split": "holdout_2025_2026",
      "log_loss": 0.8152702677044296,
      "brier": 0.47873559398059284,
      "rps": 0.15630759020279508,
      "accuracy": 0.6192660550458715,
      "calibration_error": 0.02537446617336727,
      "sharpness": 0.6092449848924826,
      "n_matches": 1308
    },
    {
      "model": "compact_no_fifa_baseline",
      "split": "holdout_2025_2026",
      "log_loss": 0.8325325280111127,
      "brier": 0.4886630873838041,
      "rps": 0.16089243718775978,
      "accuracy": 0.6131498470948012,
      "calibration_error": 0.0278641029258938,
      "sharpness": 0.6077049214805224,
      "n_matches": 1308
    }
  ],
  "holdout_was_previously_observed": true,
  "production_training_rows": 32252,
  "production_training_cutoff_exclusive": "2026-06-11T00:00:00Z",
  "model_path": "models\\world_cup_2026_champion.joblib",
  "model_sha256": "a9aac6e5d7a745c353b5e8b7db88689ff47ce8f29141e918f04098ebe99d1c5f",
  "feature_columns": [
    "elo_diff_pre",
    "elo_exp_team1",
    "goal_diff_roll5_diff",
    "goals_for_roll5_diff",
    "goals_against_roll5_diff",
    "opponent_adjusted_goal_diff_roll5_diff",
    "goal_diff_roll10_diff",
    "goals_for_roll10_diff",
    "goals_against_roll10_diff",
    "opponent_adjusted_goal_diff_roll10_diff",
    "goal_diff_roll20_diff",
    "goals_for_roll20_diff",
    "goals_against_roll20_diff",
    "opponent_adjusted_goal_diff_roll20_diff",
    "goal_diff_ewm_diff",
    "goals_for_ewm_diff",
    "goals_against_ewm_diff",
    "opponent_adjusted_goal_diff_ewm_diff",
    "days_rest_diff",
    "neutral_int",
    "tournament_importance",
    "prior_match_count_diff",
    "prior_match_count_min_log1p",
    "online_lambda_team1_pre",
    "online_lambda_team2_pre",
    "online_lambda_diff_pre",
    "online_lambda_total_pre",
    "online_log_lambda_ratio_pre",
    "calendar_year_scaled",
    "month_sin",
    "month_cos",
    "tournament_category_friendly",
    "tournament_category_nations_league",
    "tournament_category_world_cup_qualifier",
    "tournament_category_continental_qualifier",
    "tournament_category_world_cup",
    "tournament_category_continental_final",
    "elo_diff_scaled",
    "elo_diff_abs_scaled",
    "elo_diff_squared",
    "elo_diff_cubic",
    "elo_diff_neutral_interaction",
    "elo_diff_importance_interaction",
    "online_attack_diff_pre",
    "online_defence_diff_pre",
    "online_lambda_diff_abs_pre",
    "online_log_lambda_ratio_abs_pre",
    "matchup_goals_roll5_diff",
    "matchup_goals_roll5_diff_abs",
    "matchup_goals_roll5_total",
    "win_form_roll5_diff",
    "draw_form_roll5_diff",
    "draw_form_roll5_mean",
    "matchup_goals_roll10_diff",
    "matchup_goals_roll10_diff_abs",
    "matchup_goals_roll10_total",
    "win_form_roll10_diff",
    "draw_form_roll10_diff",
    "draw_form_roll10_mean",
    "matchup_goals_roll20_diff",
    "matchup_goals_roll20_diff_abs",
    "matchup_goals_roll20_total",
    "win_form_roll20_diff",
    "draw_form_roll20_diff",
    "draw_form_roll20_mean",
    "matchup_goals_ewm_diff",
    "matchup_goals_ewm_diff_abs",
    "matchup_goals_ewm_total",
    "win_form_ewm_diff",
    "draw_form_ewm_diff",
    "draw_form_ewm_mean",
    "goal_diff_momentum_diff",
    "goal_diff_momentum_abs",
    "goals_for_momentum_diff",
    "goals_for_momentum_abs",
    "opponent_adjusted_goal_diff_momentum_diff",
    "opponent_adjusted_goal_diff_momentum_abs",
    "goal_diff_roll5_diff_abs",
    "goal_diff_roll10_diff_abs",
    "goal_diff_roll20_diff_abs",
    "goal_diff_ewm_diff_abs",
    "opponent_adjusted_goal_diff_roll5_diff_abs",
    "opponent_adjusted_goal_diff_roll10_diff_abs",
    "opponent_adjusted_goal_diff_roll20_diff_abs",
    "opponent_adjusted_goal_diff_ewm_diff_abs",
    "days_rest_diff_clipped",
    "team1_fifa_rank",
    "team1_fifa_points",
    "team1_fifa_rated_matches",
    "team1_fifa_rank_percentile",
    "team1_fifa_points_z",
    "team2_fifa_rank",
    "team2_fifa_points",
    "team2_fifa_rated_matches",
    "team2_fifa_rank_percentile",
    "team2_fifa_points_z",
    "fifa_rank_diff",
    "fifa_points_diff",
    "fifa_rated_matches_diff",
    "fifa_rank_percentile_diff",
    "fifa_points_z_diff",
    "fifa_same_confederation_int",
    "team1_fifa_confederation_afc",
    "team1_fifa_confederation_caf",
    "team1_fifa_confederation_concacaf",
    "team1_fifa_confederation_conmebol",
    "team1_fifa_confederation_ofc",
    "team1_fifa_confederation_uefa",
    "team2_fifa_confederation_afc",
    "team2_fifa_confederation_caf",
    "team2_fifa_confederation_concacaf",
    "team2_fifa_confederation_conmebol",
    "team2_fifa_confederation_ofc",
    "team2_fifa_confederation_uefa"
  ],
  "python": "3.10.19 | packaged by conda-forge | (main, Oct 22 2025, 22:23:22) [MSC v.1944 64 bit (AMD64)]",
  "pandas": "2.3.3",
  "scikit_learn": "1.7.2",
  "match_results_commit": "c636851f6e388d7aabd1feabbd4dad94e7e6e266",
  "match_results_sha256": "50f17eb331a3d8367184f3314cf41616782f842ebb39e42191260b414b56bc78",
  "fifa_page_build_id": "0-ZXhkYnWdNxG_JfZhYJx",
  "fifa_processed_sha256": "9810a9fd5c0aa2a9c078c682a31a67e192ad515a5ab5e0a1c7fa6d58bc72ba38",
  "features_sha256": "b6affd2616782e5643beaee9e8b8fc64d8ccd7d4be24807fca67fc6b0ed9403f",
  "selective_hard_pick_policy": {
    "policy": "high_confidence_hard_pick_with_abstention",
    "threshold": 0.5,
    "target_accuracy": 0.65,
    "selection_data": "rolling validation only",
    "probabilities_unchanged": true,
    "validation": {
      "threshold": 0.5,
      "coverage": 0.6601850103832358,
      "selective_accuracy": 0.6954532456391193,
      "full_accuracy": 0.6067585425712667,
      "selected_matches": 3497,
      "total_matches": 5297
    },
    "holdout": {
      "threshold": 0.5,
      "coverage": 0.6559633027522935,
      "selective_accuracy": 0.7319347319347319,
      "full_accuracy": 0.6192660550458715,
      "selected_matches": 858,
      "total_matches": 1308
    },
    "minimum_validation_year_accuracy": 0.6506849315068494,
    "notes": "Accuracy is measured only on selected high-confidence matches. All matches still receive calibrated probabilities."
  }
}